{
  "project_info": {
    "project_number": "190659708123",
    "project_id": "barto-fc275",
    "storage_bucket": "barto-fc275.appspot.com"
  },
  "client": [
    {
      "client_info": {
        "mobilesdk_app_id": "1:190659708123:android:f851fe6b924dd542c578fe",
        "android_client_info": {
          "package_name": "com.barto.india"
        }
      },
      "oauth_client": [
        {
          "client_id": "190659708123-hce99vci7vlfs8qtodcnj7acjcac50j0.apps.googleusercontent.com",
          "client_type": 1,
          "android_info": {
            "package_name": "com.barto.india",
            "certificate_hash": "1881d3b8649cfccee174f370677a81acfabc1a73"
          }
        },
        {
          "client_id": "190659708123-svfbnpetd3ohujs67ikmhqps29b2ubjo.apps.googleusercontent.com",
          "client_type": 3
        }
      ],
      "api_key": [
        {
          "current_key": "AIzaSyCgH7zBH-m-wYVx5sh2siuPAYRFnxwpXwY"
        }
      ],
      "services": {
        "appinvite_service": {
          "other_platform_oauth_client": [
            {
              "client_id": "190659708123-svfbnpetd3ohujs67ikmhqps29b2ubjo.apps.googleusercontent.com",
              "client_type": 3
            },
            {
              "client_id": "190659708123-pp2uvkf6iumkatkivqqfesudk57eplhq.apps.googleusercontent.com",
              "client_type": 2,
              "ios_info": {
                "bundle_id": "com.barto.india"
              }
            }
          ]
        }
      }
    }
  ],
  "configuration_version": "1"
}